-8,-10,47A7HxRgdbM2+AGjy8EoX/k7Isc=,4H6nkk531hJNclSuJDxsDuWpKxA=
-9,-10,47A7HxRgdbM2+AGjy8EoX/k7Isc=,GQYNxgyJJWevOFVbPcu9JFnRX2Y=
-10,-10,FqVSzWnhA71SOWrpVXkBWfNoPqY=,GQYNxgyJJWevOFVbPcu9JFnRX2Y=
-9,-9,FqVSzWnhA71SOWrpVXkBWfNoPqY=,GQYNxgyJJWevOFVbPcu9JFnRX2Y=
-12,-12,FqVSzWnhA71SOWrpVXkBWfNoPqY=,GQYNxgyJJWevOFVbPcu9JFnRX2Y=
-11,-12,FqVSzWnhA71SOWrpVXkBWfNoPqY=,GQYNxgyJJWevOFVbPcu9JFnRX2Y=
-10,-12,heu3wmZfiKdD5LGemgnzTExx6Dc=,GQYNxgyJJWevOFVbPcu9JFnRX2Y=
-11,-10,heu3wmZfiKdD5LGemgnzTExx6Dc=,GQYNxgyJJWevOFVbPcu9JFnRX2Y=
-9,-12,heu3wmZfiKdD5LGemgnzTExx6Dc=,GQYNxgyJJWevOFVbPcu9JFnRX2Y=
-9,-11,heu3wmZfiKdD5LGemgnzTExx6Dc=,GQYNxgyJJWevOFVbPcu9JFnRX2Y=
-12,-10,heu3wmZfiKdD5LGemgnzTExx6Dc=,GQYNxgyJJWevOFVbPcu9JFnRX2Y=
-11,-11,heu3wmZfiKdD5LGemgnzTExx6Dc=,GQYNxgyJJWevOFVbPcu9JFnRX2Y=
-11,-9,heu3wmZfiKdD5LGemgnzTExx6Dc=,GQYNxgyJJWevOFVbPcu9JFnRX2Y=
-12,-11,heu3wmZfiKdD5LGemgnzTExx6Dc=,GQYNxgyJJWevOFVbPcu9JFnRX2Y=
-12,-9,heu3wmZfiKdD5LGemgnzTExx6Dc=,GQYNxgyJJWevOFVbPcu9JFnRX2Y=
-10,-9,heu3wmZfiKdD5LGemgnzTExx6Dc=,GQYNxgyJJWevOFVbPcu9JFnRX2Y=
-8,-9,heu3wmZfiKdD5LGemgnzTExx6Dc=,4H6nkk531hJNclSuJDxsDuWpKxA=
-6,-5,heu3wmZfiKdD5LGemgnzTExx6Dc=,SGTGP1hDjFRhAdI0jhNxf5AgjX4=
-5,-5,heu3wmZfiKdD5LGemgnzTExx6Dc=,SGTGP1hDjFRhAdI0jhNxf5AgjX4=
-6,-6,heu3wmZfiKdD5LGemgnzTExx6Dc=,SGTGP1hDjFRhAdI0jhNxf5AgjX4=
-7,-7,heu3wmZfiKdD5LGemgnzTExx6Dc=,SGTGP1hDjFRhAdI0jhNxf5AgjX4=
-10,-11,heu3wmZfiKdD5LGemgnzTExx6Dc=,GQYNxgyJJWevOFVbPcu9JFnRX2Y=
-5,-7,heu3wmZfiKdD5LGemgnzTExx6Dc=,SGTGP1hDjFRhAdI0jhNxf5AgjX4=
-6,-7,heu3wmZfiKdD5LGemgnzTExx6Dc=,SGTGP1hDjFRhAdI0jhNxf5AgjX4=
-7,-5,heu3wmZfiKdD5LGemgnzTExx6Dc=,SGTGP1hDjFRhAdI0jhNxf5AgjX4=
-6,-8,heu3wmZfiKdD5LGemgnzTExx6Dc=,SGTGP1hDjFRhAdI0jhNxf5AgjX4=
-7,-6,heu3wmZfiKdD5LGemgnzTExx6Dc=,SGTGP1hDjFRhAdI0jhNxf5AgjX4=
-5,-8,heu3wmZfiKdD5LGemgnzTExx6Dc=,SGTGP1hDjFRhAdI0jhNxf5AgjX4=
-11,-7,heu3wmZfiKdD5LGemgnzTExx6Dc=,ff99J+E7BDOyWs1sB4zoQGHFQNk=
-5,-6,heu3wmZfiKdD5LGemgnzTExx6Dc=,SGTGP1hDjFRhAdI0jhNxf5AgjX4=
-12,-7,heu3wmZfiKdD5LGemgnzTExx6Dc=,ff99J+E7BDOyWs1sB4zoQGHFQNk=
-10,-7,p7jjZpYnl0goczVY3vTjtk2jSbY=,ff99J+E7BDOyWs1sB4zoQGHFQNk=
-7,-8,p7jjZpYnl0goczVY3vTjtk2jSbY=,SGTGP1hDjFRhAdI0jhNxf5AgjX4=
-7,-12,p7jjZpYnl0goczVY3vTjtk2jSbY=,4H6nkk531hJNclSuJDxsDuWpKxA=
-8,-11,p7jjZpYnl0goczVY3vTjtk2jSbY=,4H6nkk531hJNclSuJDxsDuWpKxA=
-8,-12,p7jjZpYnl0goczVY3vTjtk2jSbY=,4H6nkk531hJNclSuJDxsDuWpKxA=
-5,-9,p7jjZpYnl0goczVY3vTjtk2jSbY=,4H6nkk531hJNclSuJDxsDuWpKxA=
-6,-9,p7jjZpYnl0goczVY3vTjtk2jSbY=,4H6nkk531hJNclSuJDxsDuWpKxA=
-5,-10,p7jjZpYnl0goczVY3vTjtk2jSbY=,4H6nkk531hJNclSuJDxsDuWpKxA=
-7,-9,p7jjZpYnl0goczVY3vTjtk2jSbY=,4H6nkk531hJNclSuJDxsDuWpKxA=
-6,-10,p7jjZpYnl0goczVY3vTjtk2jSbY=,4H6nkk531hJNclSuJDxsDuWpKxA=
-7,-10,p7jjZpYnl0goczVY3vTjtk2jSbY=,4H6nkk531hJNclSuJDxsDuWpKxA=
-5,-12,p7jjZpYnl0goczVY3vTjtk2jSbY=,4H6nkk531hJNclSuJDxsDuWpKxA=
-6,-11,p7jjZpYnl0goczVY3vTjtk2jSbY=,4H6nkk531hJNclSuJDxsDuWpKxA=
-6,-12,p7jjZpYnl0goczVY3vTjtk2jSbY=,4H6nkk531hJNclSuJDxsDuWpKxA=
-5,-11,p7jjZpYnl0goczVY3vTjtk2jSbY=,4H6nkk531hJNclSuJDxsDuWpKxA=
-9,-7,p7jjZpYnl0goczVY3vTjtk2jSbY=,ff99J+E7BDOyWs1sB4zoQGHFQNk=
-7,-11,4AIzuxpz86WvFI83WDXp1kI05ck=,4H6nkk531hJNclSuJDxsDuWpKxA=
-8,-6,4AIzuxpz86WvFI83WDXp1kI05ck=,SGTGP1hDjFRhAdI0jhNxf5AgjX4=
-9,-8,4AIzuxpz86WvFI83WDXp1kI05ck=,ff99J+E7BDOyWs1sB4zoQGHFQNk=
-12,-6,4AIzuxpz86WvFI83WDXp1kI05ck=,ff99J+E7BDOyWs1sB4zoQGHFQNk=
-10,-8,4AIzuxpz86WvFI83WDXp1kI05ck=,ff99J+E7BDOyWs1sB4zoQGHFQNk=
-8,-8,4AIzuxpz86WvFI83WDXp1kI05ck=,SGTGP1hDjFRhAdI0jhNxf5AgjX4=
-8,-5,4AIzuxpz86WvFI83WDXp1kI05ck=,SGTGP1hDjFRhAdI0jhNxf5AgjX4=
-8,-7,4AIzuxpz86WvFI83WDXp1kI05ck=,SGTGP1hDjFRhAdI0jhNxf5AgjX4=
-9,-5,4AIzuxpz86WvFI83WDXp1kI05ck=,ff99J+E7BDOyWs1sB4zoQGHFQNk=
-11,-8,4AIzuxpz86WvFI83WDXp1kI05ck=,ff99J+E7BDOyWs1sB4zoQGHFQNk=
-12,-8,4AIzuxpz86WvFI83WDXp1kI05ck=,ff99J+E7BDOyWs1sB4zoQGHFQNk=
-10,-5,4AIzuxpz86WvFI83WDXp1kI05ck=,ff99J+E7BDOyWs1sB4zoQGHFQNk=
-11,-5,4AIzuxpz86WvFI83WDXp1kI05ck=,ff99J+E7BDOyWs1sB4zoQGHFQNk=
-11,-6,4AIzuxpz86WvFI83WDXp1kI05ck=,ff99J+E7BDOyWs1sB4zoQGHFQNk=
-12,-5,4AIzuxpz86WvFI83WDXp1kI05ck=,ff99J+E7BDOyWs1sB4zoQGHFQNk=
-10,-6,4AIzuxpz86WvFI83WDXp1kI05ck=,ff99J+E7BDOyWs1sB4zoQGHFQNk=
-9,-6,4AIzuxpz86WvFI83WDXp1kI05ck=,ff99J+E7BDOyWs1sB4zoQGHFQNk=
-16,-9,4AIzuxpz86WvFI83WDXp1kI05ck=,GQYNxgyJJWevOFVbPcu9JFnRX2Y=
-16,-11,4AIzuxpz86WvFI83WDXp1kI05ck=,GQYNxgyJJWevOFVbPcu9JFnRX2Y=
-16,-12,4AIzuxpz86WvFI83WDXp1kI05ck=,GQYNxgyJJWevOFVbPcu9JFnRX2Y=
-16,-10,4AIzuxpz86WvFI83WDXp1kI05ck=,GQYNxgyJJWevOFVbPcu9JFnRX2Y=
-16,-5,4AIzuxpz86WvFI83WDXp1kI05ck=,ff99J+E7BDOyWs1sB4zoQGHFQNk=
-16,-6,4AIzuxpz86WvFI83WDXp1kI05ck=,ff99J+E7BDOyWs1sB4zoQGHFQNk=
-16,-7,4AIzuxpz86WvFI83WDXp1kI05ck=,ff99J+E7BDOyWs1sB4zoQGHFQNk=
-14,-6,4AIzuxpz86WvFI83WDXp1kI05ck=,ff99J+E7BDOyWs1sB4zoQGHFQNk=
-13,-6,4AIzuxpz86WvFI83WDXp1kI05ck=,ff99J+E7BDOyWs1sB4zoQGHFQNk=
-15,-5,4AIzuxpz86WvFI83WDXp1kI05ck=,ff99J+E7BDOyWs1sB4zoQGHFQNk=
-14,-5,4AIzuxpz86WvFI83WDXp1kI05ck=,ff99J+E7BDOyWs1sB4zoQGHFQNk=
-15,-6,4AIzuxpz86WvFI83WDXp1kI05ck=,ff99J+E7BDOyWs1sB4zoQGHFQNk=
-13,-5,4AIzuxpz86WvFI83WDXp1kI05ck=,ff99J+E7BDOyWs1sB4zoQGHFQNk=
-15,-9,4AIzuxpz86WvFI83WDXp1kI05ck=,GQYNxgyJJWevOFVbPcu9JFnRX2Y=
-14,-9,4AIzuxpz86WvFI83WDXp1kI05ck=,GQYNxgyJJWevOFVbPcu9JFnRX2Y=
-9,-1,4AIzuxpz86WvFI83WDXp1kI05ck=,ff99J+E7BDOyWs1sB4zoQGHFQNk=
-13,-9,4AIzuxpz86WvFI83WDXp1kI05ck=,GQYNxgyJJWevOFVbPcu9JFnRX2Y=
-15,-8,4AIzuxpz86WvFI83WDXp1kI05ck=,ff99J+E7BDOyWs1sB4zoQGHFQNk=
-10,-1,4AIzuxpz86WvFI83WDXp1kI05ck=,ff99J+E7BDOyWs1sB4zoQGHFQNk=
-14,-8,4AIzuxpz86WvFI83WDXp1kI05ck=,ff99J+E7BDOyWs1sB4zoQGHFQNk=
-11,-1,4AIzuxpz86WvFI83WDXp1kI05ck=,ff99J+E7BDOyWs1sB4zoQGHFQNk=
-13,-8,4AIzuxpz86WvFI83WDXp1kI05ck=,ff99J+E7BDOyWs1sB4zoQGHFQNk=
-12,-1,4AIzuxpz86WvFI83WDXp1kI05ck=,ff99J+E7BDOyWs1sB4zoQGHFQNk=
-13,-7,4AIzuxpz86WvFI83WDXp1kI05ck=,ff99J+E7BDOyWs1sB4zoQGHFQNk=
-14,-7,4AIzuxpz86WvFI83WDXp1kI05ck=,ff99J+E7BDOyWs1sB4zoQGHFQNk=
-13,-1,4AIzuxpz86WvFI83WDXp1kI05ck=,ff99J+E7BDOyWs1sB4zoQGHFQNk=
-12,-4,4AIzuxpz86WvFI83WDXp1kI05ck=,ff99J+E7BDOyWs1sB4zoQGHFQNk=
-13,-2,4AIzuxpz86WvFI83WDXp1kI05ck=,ff99J+E7BDOyWs1sB4zoQGHFQNk=
-15,-7,4AIzuxpz86WvFI83WDXp1kI05ck=,ff99J+E7BDOyWs1sB4zoQGHFQNk=
-14,-10,4AIzuxpz86WvFI83WDXp1kI05ck=,GQYNxgyJJWevOFVbPcu9JFnRX2Y=
-13,-10,4AIzuxpz86WvFI83WDXp1kI05ck=,GQYNxgyJJWevOFVbPcu9JFnRX2Y=
-11,-4,4AIzuxpz86WvFI83WDXp1kI05ck=,ff99J+E7BDOyWs1sB4zoQGHFQNk=
-16,-1,4AIzuxpz86WvFI83WDXp1kI05ck=,ff99J+E7BDOyWs1sB4zoQGHFQNk=
-14,-1,4AIzuxpz86WvFI83WDXp1kI05ck=,ff99J+E7BDOyWs1sB4zoQGHFQNk=
-15,-10,4AIzuxpz86WvFI83WDXp1kI05ck=,GQYNxgyJJWevOFVbPcu9JFnRX2Y=
-13,-11,4AIzuxpz86WvFI83WDXp1kI05ck=,GQYNxgyJJWevOFVbPcu9JFnRX2Y=
-10,-4,4AIzuxpz86WvFI83WDXp1kI05ck=,ff99J+E7BDOyWs1sB4zoQGHFQNk=
-14,-11,4AIzuxpz86WvFI83WDXp1kI05ck=,GQYNxgyJJWevOFVbPcu9JFnRX2Y=
-15,-11,4AIzuxpz86WvFI83WDXp1kI05ck=,GQYNxgyJJWevOFVbPcu9JFnRX2Y=
-13,-12,4AIzuxpz86WvFI83WDXp1kI05ck=,GQYNxgyJJWevOFVbPcu9JFnRX2Y=
-12,-3,4AIzuxpz86WvFI83WDXp1kI05ck=,ff99J+E7BDOyWs1sB4zoQGHFQNk=
-9,-4,4AIzuxpz86WvFI83WDXp1kI05ck=,ff99J+E7BDOyWs1sB4zoQGHFQNk=
-14,-12,4AIzuxpz86WvFI83WDXp1kI05ck=,GQYNxgyJJWevOFVbPcu9JFnRX2Y=
-15,-12,4AIzuxpz86WvFI83WDXp1kI05ck=,GQYNxgyJJWevOFVbPcu9JFnRX2Y=
-11,-3,4AIzuxpz86WvFI83WDXp1kI05ck=,ff99J+E7BDOyWs1sB4zoQGHFQNk=
-15,-1,4AIzuxpz86WvFI83WDXp1kI05ck=,ff99J+E7BDOyWs1sB4zoQGHFQNk=
-16,-8,4AIzuxpz86WvFI83WDXp1kI05ck=,ff99J+E7BDOyWs1sB4zoQGHFQNk=
-10,-3,4AIzuxpz86WvFI83WDXp1kI05ck=,ff99J+E7BDOyWs1sB4zoQGHFQNk=
-9,-3,4AIzuxpz86WvFI83WDXp1kI05ck=,ff99J+E7BDOyWs1sB4zoQGHFQNk=
-12,-2,4AIzuxpz86WvFI83WDXp1kI05ck=,ff99J+E7BDOyWs1sB4zoQGHFQNk=
-16,-2,4AIzuxpz86WvFI83WDXp1kI05ck=,ff99J+E7BDOyWs1sB4zoQGHFQNk=
-10,-2,4AIzuxpz86WvFI83WDXp1kI05ck=,ff99J+E7BDOyWs1sB4zoQGHFQNk=
-11,-2,4AIzuxpz86WvFI83WDXp1kI05ck=,ff99J+E7BDOyWs1sB4zoQGHFQNk=
-9,-2,4AIzuxpz86WvFI83WDXp1kI05ck=,ff99J+E7BDOyWs1sB4zoQGHFQNk=
-5,-1,4AIzuxpz86WvFI83WDXp1kI05ck=,SGTGP1hDjFRhAdI0jhNxf5AgjX4=
-8,-1,4AIzuxpz86WvFI83WDXp1kI05ck=,SGTGP1hDjFRhAdI0jhNxf5AgjX4=
-16,-3,4AIzuxpz86WvFI83WDXp1kI05ck=,ff99J+E7BDOyWs1sB4zoQGHFQNk=
-8,-4,4AIzuxpz86WvFI83WDXp1kI05ck=,SGTGP1hDjFRhAdI0jhNxf5AgjX4=
-8,-2,4AIzuxpz86WvFI83WDXp1kI05ck=,SGTGP1hDjFRhAdI0jhNxf5AgjX4=
-16,-4,4AIzuxpz86WvFI83WDXp1kI05ck=,ff99J+E7BDOyWs1sB4zoQGHFQNk=
-8,-3,4AIzuxpz86WvFI83WDXp1kI05ck=,SGTGP1hDjFRhAdI0jhNxf5AgjX4=
-15,-4,4AIzuxpz86WvFI83WDXp1kI05ck=,ff99J+E7BDOyWs1sB4zoQGHFQNk=
-5,-3,4AIzuxpz86WvFI83WDXp1kI05ck=,SGTGP1hDjFRhAdI0jhNxf5AgjX4=
-6,-1,4AIzuxpz86WvFI83WDXp1kI05ck=,SGTGP1hDjFRhAdI0jhNxf5AgjX4=
-6,-3,4AIzuxpz86WvFI83WDXp1kI05ck=,SGTGP1hDjFRhAdI0jhNxf5AgjX4=
-14,-4,4AIzuxpz86WvFI83WDXp1kI05ck=,ff99J+E7BDOyWs1sB4zoQGHFQNk=
-7,-3,4AIzuxpz86WvFI83WDXp1kI05ck=,SGTGP1hDjFRhAdI0jhNxf5AgjX4=
-1,-8,4AIzuxpz86WvFI83WDXp1kI05ck=,SGTGP1hDjFRhAdI0jhNxf5AgjX4=
-5,-2,4AIzuxpz86WvFI83WDXp1kI05ck=,SGTGP1hDjFRhAdI0jhNxf5AgjX4=
-1,-7,4AIzuxpz86WvFI83WDXp1kI05ck=,SGTGP1hDjFRhAdI0jhNxf5AgjX4=
-13,-4,4AIzuxpz86WvFI83WDXp1kI05ck=,ff99J+E7BDOyWs1sB4zoQGHFQNk=
-6,-2,4AIzuxpz86WvFI83WDXp1kI05ck=,SGTGP1hDjFRhAdI0jhNxf5AgjX4=
-5,-4,4AIzuxpz86WvFI83WDXp1kI05ck=,SGTGP1hDjFRhAdI0jhNxf5AgjX4=
-7,-2,4AIzuxpz86WvFI83WDXp1kI05ck=,SGTGP1hDjFRhAdI0jhNxf5AgjX4=
-1,-6,4AIzuxpz86WvFI83WDXp1kI05ck=,SGTGP1hDjFRhAdI0jhNxf5AgjX4=
-3,-8,4AIzuxpz86WvFI83WDXp1kI05ck=,SGTGP1hDjFRhAdI0jhNxf5AgjX4=
-6,-4,4AIzuxpz86WvFI83WDXp1kI05ck=,SGTGP1hDjFRhAdI0jhNxf5AgjX4=
-1,-5,4AIzuxpz86WvFI83WDXp1kI05ck=,SGTGP1hDjFRhAdI0jhNxf5AgjX4=
-7,-4,4AIzuxpz86WvFI83WDXp1kI05ck=,SGTGP1hDjFRhAdI0jhNxf5AgjX4=
-15,-3,4AIzuxpz86WvFI83WDXp1kI05ck=,ff99J+E7BDOyWs1sB4zoQGHFQNk=
-7,-1,4AIzuxpz86WvFI83WDXp1kI05ck=,SGTGP1hDjFRhAdI0jhNxf5AgjX4=
-4,-8,4AIzuxpz86WvFI83WDXp1kI05ck=,SGTGP1hDjFRhAdI0jhNxf5AgjX4=
-14,-3,4AIzuxpz86WvFI83WDXp1kI05ck=,ff99J+E7BDOyWs1sB4zoQGHFQNk=
-2,-8,4AIzuxpz86WvFI83WDXp1kI05ck=,SGTGP1hDjFRhAdI0jhNxf5AgjX4=
-2,-6,4AIzuxpz86WvFI83WDXp1kI05ck=,SGTGP1hDjFRhAdI0jhNxf5AgjX4=
-2,-7,4AIzuxpz86WvFI83WDXp1kI05ck=,SGTGP1hDjFRhAdI0jhNxf5AgjX4=
-13,-3,4AIzuxpz86WvFI83WDXp1kI05ck=,ff99J+E7BDOyWs1sB4zoQGHFQNk=
-3,-7,4AIzuxpz86WvFI83WDXp1kI05ck=,SGTGP1hDjFRhAdI0jhNxf5AgjX4=
-3,-6,4AIzuxpz86WvFI83WDXp1kI05ck=,SGTGP1hDjFRhAdI0jhNxf5AgjX4=
-4,-7,4AIzuxpz86WvFI83WDXp1kI05ck=,SGTGP1hDjFRhAdI0jhNxf5AgjX4=
-15,-2,4AIzuxpz86WvFI83WDXp1kI05ck=,ff99J+E7BDOyWs1sB4zoQGHFQNk=
-2,-5,4AIzuxpz86WvFI83WDXp1kI05ck=,SGTGP1hDjFRhAdI0jhNxf5AgjX4=
-3,-5,4AIzuxpz86WvFI83WDXp1kI05ck=,SGTGP1hDjFRhAdI0jhNxf5AgjX4=
-4,-6,4AIzuxpz86WvFI83WDXp1kI05ck=,SGTGP1hDjFRhAdI0jhNxf5AgjX4=
-14,-2,4AIzuxpz86WvFI83WDXp1kI05ck=,ff99J+E7BDOyWs1sB4zoQGHFQNk=
-4,-5,4AIzuxpz86WvFI83WDXp1kI05ck=,SGTGP1hDjFRhAdI0jhNxf5AgjX4=
-1,-9,4AIzuxpz86WvFI83WDXp1kI05ck=,4H6nkk531hJNclSuJDxsDuWpKxA=
-2,-16,4AIzuxpz86WvFI83WDXp1kI05ck=,4H6nkk531hJNclSuJDxsDuWpKxA=
-1,-10,4AIzuxpz86WvFI83WDXp1kI05ck=,4H6nkk531hJNclSuJDxsDuWpKxA=
-6,-16,4AIzuxpz86WvFI83WDXp1kI05ck=,4H6nkk531hJNclSuJDxsDuWpKxA=
-5,-16,4AIzuxpz86WvFI83WDXp1kI05ck=,4H6nkk531hJNclSuJDxsDuWpKxA=
-1,-15,4AIzuxpz86WvFI83WDXp1kI05ck=,4H6nkk531hJNclSuJDxsDuWpKxA=
-1,-16,4AIzuxpz86WvFI83WDXp1kI05ck=,4H6nkk531hJNclSuJDxsDuWpKxA=
-4,-14,4AIzuxpz86WvFI83WDXp1kI05ck=,4H6nkk531hJNclSuJDxsDuWpKxA=
-3,-16,4AIzuxpz86WvFI83WDXp1kI05ck=,4H6nkk531hJNclSuJDxsDuWpKxA=
-1,-11,4AIzuxpz86WvFI83WDXp1kI05ck=,4H6nkk531hJNclSuJDxsDuWpKxA=
-7,-16,4AIzuxpz86WvFI83WDXp1kI05ck=,4H6nkk531hJNclSuJDxsDuWpKxA=
-4,-16,4AIzuxpz86WvFI83WDXp1kI05ck=,4H6nkk531hJNclSuJDxsDuWpKxA=
-1,-12,4AIzuxpz86WvFI83WDXp1kI05ck=,4H6nkk531hJNclSuJDxsDuWpKxA=
-8,-15,4AIzuxpz86WvFI83WDXp1kI05ck=,4H6nkk531hJNclSuJDxsDuWpKxA=
-1,-13,4AIzuxpz86WvFI83WDXp1kI05ck=,4H6nkk531hJNclSuJDxsDuWpKxA=
-2,-9,4AIzuxpz86WvFI83WDXp1kI05ck=,4H6nkk531hJNclSuJDxsDuWpKxA=
-8,-13,4AIzuxpz86WvFI83WDXp1kI05ck=,4H6nkk531hJNclSuJDxsDuWpKxA=
-4,-12,4AIzuxpz86WvFI83WDXp1kI05ck=,4H6nkk531hJNclSuJDxsDuWpKxA=
-3,-9,4AIzuxpz86WvFI83WDXp1kI05ck=,4H6nkk531hJNclSuJDxsDuWpKxA=
-1,-14,4AIzuxpz86WvFI83WDXp1kI05ck=,4H6nkk531hJNclSuJDxsDuWpKxA=
-8,-14,4AIzuxpz86WvFI83WDXp1kI05ck=,4H6nkk531hJNclSuJDxsDuWpKxA=
-3,-12,4AIzuxpz86WvFI83WDXp1kI05ck=,4H6nkk531hJNclSuJDxsDuWpKxA=
-4,-9,4AIzuxpz86WvFI83WDXp1kI05ck=,4H6nkk531hJNclSuJDxsDuWpKxA=
-2,-15,4AIzuxpz86WvFI83WDXp1kI05ck=,4H6nkk531hJNclSuJDxsDuWpKxA=
-2,-12,4AIzuxpz86WvFI83WDXp1kI05ck=,4H6nkk531hJNclSuJDxsDuWpKxA=
-3,-14,4AIzuxpz86WvFI83WDXp1kI05ck=,4H6nkk531hJNclSuJDxsDuWpKxA=
-5,-15,4AIzuxpz86WvFI83WDXp1kI05ck=,4H6nkk531hJNclSuJDxsDuWpKxA=
-2,-10,4AIzuxpz86WvFI83WDXp1kI05ck=,4H6nkk531hJNclSuJDxsDuWpKxA=
-4,-13,4AIzuxpz86WvFI83WDXp1kI05ck=,4H6nkk531hJNclSuJDxsDuWpKxA=
-3,-11,4AIzuxpz86WvFI83WDXp1kI05ck=,4H6nkk531hJNclSuJDxsDuWpKxA=
-3,-13,4AIzuxpz86WvFI83WDXp1kI05ck=,4H6nkk531hJNclSuJDxsDuWpKxA=
-4,-11,4AIzuxpz86WvFI83WDXp1kI05ck=,4H6nkk531hJNclSuJDxsDuWpKxA=
-3,-15,4AIzuxpz86WvFI83WDXp1kI05ck=,4H6nkk531hJNclSuJDxsDuWpKxA=
-2,-11,4AIzuxpz86WvFI83WDXp1kI05ck=,4H6nkk531hJNclSuJDxsDuWpKxA=
-2,-13,4AIzuxpz86WvFI83WDXp1kI05ck=,4H6nkk531hJNclSuJDxsDuWpKxA=
-2,-1,4AIzuxpz86WvFI83WDXp1kI05ck=,SGTGP1hDjFRhAdI0jhNxf5AgjX4=
-1,-1,4AIzuxpz86WvFI83WDXp1kI05ck=,SGTGP1hDjFRhAdI0jhNxf5AgjX4=
-4,-3,4AIzuxpz86WvFI83WDXp1kI05ck=,SGTGP1hDjFRhAdI0jhNxf5AgjX4=
-2,-14,4AIzuxpz86WvFI83WDXp1kI05ck=,4H6nkk531hJNclSuJDxsDuWpKxA=
-4,-15,4AIzuxpz86WvFI83WDXp1kI05ck=,4H6nkk531hJNclSuJDxsDuWpKxA=
-4,-10,4AIzuxpz86WvFI83WDXp1kI05ck=,4H6nkk531hJNclSuJDxsDuWpKxA=
-1,-4,4AIzuxpz86WvFI83WDXp1kI05ck=,SGTGP1hDjFRhAdI0jhNxf5AgjX4=
-3,-10,4AIzuxpz86WvFI83WDXp1kI05ck=,4H6nkk531hJNclSuJDxsDuWpKxA=
-16,-16,4AIzuxpz86WvFI83WDXp1kI05ck=,GQYNxgyJJWevOFVbPcu9JFnRX2Y=
-8,-16,4AIzuxpz86WvFI83WDXp1kI05ck=,4H6nkk531hJNclSuJDxsDuWpKxA=
-9,-16,4AIzuxpz86WvFI83WDXp1kI05ck=,GQYNxgyJJWevOFVbPcu9JFnRX2Y=
-6,-15,4AIzuxpz86WvFI83WDXp1kI05ck=,4H6nkk531hJNclSuJDxsDuWpKxA=
-12,-14,4AIzuxpz86WvFI83WDXp1kI05ck=,GQYNxgyJJWevOFVbPcu9JFnRX2Y=
-1,-3,4AIzuxpz86WvFI83WDXp1kI05ck=,SGTGP1hDjFRhAdI0jhNxf5AgjX4=
-3,-3,4AIzuxpz86WvFI83WDXp1kI05ck=,SGTGP1hDjFRhAdI0jhNxf5AgjX4=
-2,-3,4AIzuxpz86WvFI83WDXp1kI05ck=,SGTGP1hDjFRhAdI0jhNxf5AgjX4=
-11,-14,4AIzuxpz86WvFI83WDXp1kI05ck=,GQYNxgyJJWevOFVbPcu9JFnRX2Y=
-4,-4,4AIzuxpz86WvFI83WDXp1kI05ck=,SGTGP1hDjFRhAdI0jhNxf5AgjX4=
-16,-14,4AIzuxpz86WvFI83WDXp1kI05ck=,GQYNxgyJJWevOFVbPcu9JFnRX2Y=
-11,-16,4AIzuxpz86WvFI83WDXp1kI05ck=,GQYNxgyJJWevOFVbPcu9JFnRX2Y=
-2,-2,4AIzuxpz86WvFI83WDXp1kI05ck=,SGTGP1hDjFRhAdI0jhNxf5AgjX4=
-7,-15,4AIzuxpz86WvFI83WDXp1kI05ck=,4H6nkk531hJNclSuJDxsDuWpKxA=
-14,-16,4AIzuxpz86WvFI83WDXp1kI05ck=,GQYNxgyJJWevOFVbPcu9JFnRX2Y=
-12,-16,4AIzuxpz86WvFI83WDXp1kI05ck=,GQYNxgyJJWevOFVbPcu9JFnRX2Y=
-1,-2,4AIzuxpz86WvFI83WDXp1kI05ck=,SGTGP1hDjFRhAdI0jhNxf5AgjX4=
-15,-16,4AIzuxpz86WvFI83WDXp1kI05ck=,GQYNxgyJJWevOFVbPcu9JFnRX2Y=
-13,-16,4AIzuxpz86WvFI83WDXp1kI05ck=,GQYNxgyJJWevOFVbPcu9JFnRX2Y=
-16,-15,4AIzuxpz86WvFI83WDXp1kI05ck=,GQYNxgyJJWevOFVbPcu9JFnRX2Y=
-7,-14,4AIzuxpz86WvFI83WDXp1kI05ck=,4H6nkk531hJNclSuJDxsDuWpKxA=
-10,-16,4AIzuxpz86WvFI83WDXp1kI05ck=,GQYNxgyJJWevOFVbPcu9JFnRX2Y=
-3,-4,4AIzuxpz86WvFI83WDXp1kI05ck=,SGTGP1hDjFRhAdI0jhNxf5AgjX4=
-5,-13,4AIzuxpz86WvFI83WDXp1kI05ck=,4H6nkk531hJNclSuJDxsDuWpKxA=
-7,-13,4AIzuxpz86WvFI83WDXp1kI05ck=,4H6nkk531hJNclSuJDxsDuWpKxA=
-4,-1,4AIzuxpz86WvFI83WDXp1kI05ck=,SGTGP1hDjFRhAdI0jhNxf5AgjX4=
-6,-13,4AIzuxpz86WvFI83WDXp1kI05ck=,4H6nkk531hJNclSuJDxsDuWpKxA=
-2,-4,4AIzuxpz86WvFI83WDXp1kI05ck=,SGTGP1hDjFRhAdI0jhNxf5AgjX4=
-10,-14,4AIzuxpz86WvFI83WDXp1kI05ck=,GQYNxgyJJWevOFVbPcu9JFnRX2Y=
-3,-1,4AIzuxpz86WvFI83WDXp1kI05ck=,SGTGP1hDjFRhAdI0jhNxf5AgjX4=
-16,-13,4AIzuxpz86WvFI83WDXp1kI05ck=,GQYNxgyJJWevOFVbPcu9JFnRX2Y=
-9,-14,4AIzuxpz86WvFI83WDXp1kI05ck=,GQYNxgyJJWevOFVbPcu9JFnRX2Y=
-5,-14,4AIzuxpz86WvFI83WDXp1kI05ck=,4H6nkk531hJNclSuJDxsDuWpKxA=
-15,-13,4AIzuxpz86WvFI83WDXp1kI05ck=,GQYNxgyJJWevOFVbPcu9JFnRX2Y=
-4,-2,4AIzuxpz86WvFI83WDXp1kI05ck=,SGTGP1hDjFRhAdI0jhNxf5AgjX4=
-11,-13,4AIzuxpz86WvFI83WDXp1kI05ck=,GQYNxgyJJWevOFVbPcu9JFnRX2Y=
-14,-13,4AIzuxpz86WvFI83WDXp1kI05ck=,GQYNxgyJJWevOFVbPcu9JFnRX2Y=
-12,-13,4AIzuxpz86WvFI83WDXp1kI05ck=,GQYNxgyJJWevOFVbPcu9JFnRX2Y=
-6,-14,4AIzuxpz86WvFI83WDXp1kI05ck=,4H6nkk531hJNclSuJDxsDuWpKxA=
-13,-13,4AIzuxpz86WvFI83WDXp1kI05ck=,GQYNxgyJJWevOFVbPcu9JFnRX2Y=
-3,-2,4AIzuxpz86WvFI83WDXp1kI05ck=,SGTGP1hDjFRhAdI0jhNxf5AgjX4=
-13,-14,4AIzuxpz86WvFI83WDXp1kI05ck=,GQYNxgyJJWevOFVbPcu9JFnRX2Y=
-15,-15,4AIzuxpz86WvFI83WDXp1kI05ck=,GQYNxgyJJWevOFVbPcu9JFnRX2Y=
-9,-13,4AIzuxpz86WvFI83WDXp1kI05ck=,GQYNxgyJJWevOFVbPcu9JFnRX2Y=
-10,-13,4AIzuxpz86WvFI83WDXp1kI05ck=,GQYNxgyJJWevOFVbPcu9JFnRX2Y=
-13,-15,4AIzuxpz86WvFI83WDXp1kI05ck=,GQYNxgyJJWevOFVbPcu9JFnRX2Y=
-14,-15,4AIzuxpz86WvFI83WDXp1kI05ck=,GQYNxgyJJWevOFVbPcu9JFnRX2Y=
-12,-15,4AIzuxpz86WvFI83WDXp1kI05ck=,GQYNxgyJJWevOFVbPcu9JFnRX2Y=
-11,-15,4AIzuxpz86WvFI83WDXp1kI05ck=,GQYNxgyJJWevOFVbPcu9JFnRX2Y=
-10,-15,4AIzuxpz86WvFI83WDXp1kI05ck=,GQYNxgyJJWevOFVbPcu9JFnRX2Y=
-15,-14,4AIzuxpz86WvFI83WDXp1kI05ck=,GQYNxgyJJWevOFVbPcu9JFnRX2Y=
-9,-15,4AIzuxpz86WvFI83WDXp1kI05ck=,GQYNxgyJJWevOFVbPcu9JFnRX2Y=
-14,-14,4AIzuxpz86WvFI83WDXp1kI05ck=,GQYNxgyJJWevOFVbPcu9JFnRX2Y=
-10,-25,CkhTZ9egsDhgCCjpKNjLmtrnhVg=,GQYNxgyJJWevOFVbPcu9JFnRX2Y=
-16,-24,CkhTZ9egsDhgCCjpKNjLmtrnhVg=,GQYNxgyJJWevOFVbPcu9JFnRX2Y=
-11,-25,0O9xwMLndyG89neJxjuC5u2xqOM=,GQYNxgyJJWevOFVbPcu9JFnRX2Y=
-12,-25,0O9xwMLndyG89neJxjuC5u2xqOM=,GQYNxgyJJWevOFVbPcu9JFnRX2Y=
-10,-26,0O9xwMLndyG89neJxjuC5u2xqOM=,GQYNxgyJJWevOFVbPcu9JFnRX2Y=
-15,-26,0O9xwMLndyG89neJxjuC5u2xqOM=,GQYNxgyJJWevOFVbPcu9JFnRX2Y=
-9,-26,0O9xwMLndyG89neJxjuC5u2xqOM=,GQYNxgyJJWevOFVbPcu9JFnRX2Y=
-11,-26,0O9xwMLndyG89neJxjuC5u2xqOM=,GQYNxgyJJWevOFVbPcu9JFnRX2Y=
-13,-26,0O9xwMLndyG89neJxjuC5u2xqOM=,GQYNxgyJJWevOFVbPcu9JFnRX2Y=
-16,-17,0O9xwMLndyG89neJxjuC5u2xqOM=,GQYNxgyJJWevOFVbPcu9JFnRX2Y=
-12,-26,0O9xwMLndyG89neJxjuC5u2xqOM=,GQYNxgyJJWevOFVbPcu9JFnRX2Y=
-13,-25,0O9xwMLndyG89neJxjuC5u2xqOM=,GQYNxgyJJWevOFVbPcu9JFnRX2Y=
-14,-24,0O9xwMLndyG89neJxjuC5u2xqOM=,GQYNxgyJJWevOFVbPcu9JFnRX2Y=
-9,-17,0O9xwMLndyG89neJxjuC5u2xqOM=,GQYNxgyJJWevOFVbPcu9JFnRX2Y=
-13,-24,0O9xwMLndyG89neJxjuC5u2xqOM=,GQYNxgyJJWevOFVbPcu9JFnRX2Y=
-13,-17,0O9xwMLndyG89neJxjuC5u2xqOM=,GQYNxgyJJWevOFVbPcu9JFnRX2Y=
-16,-23,0O9xwMLndyG89neJxjuC5u2xqOM=,GQYNxgyJJWevOFVbPcu9JFnRX2Y=
-14,-25,0O9xwMLndyG89neJxjuC5u2xqOM=,GQYNxgyJJWevOFVbPcu9JFnRX2Y=
-14,-26,0O9xwMLndyG89neJxjuC5u2xqOM=,GQYNxgyJJWevOFVbPcu9JFnRX2Y=
-15,-23,0O9xwMLndyG89neJxjuC5u2xqOM=,GQYNxgyJJWevOFVbPcu9JFnRX2Y=
-10,-17,0O9xwMLndyG89neJxjuC5u2xqOM=,GQYNxgyJJWevOFVbPcu9JFnRX2Y=
-13,-23,0O9xwMLndyG89neJxjuC5u2xqOM=,GQYNxgyJJWevOFVbPcu9JFnRX2Y=
-16,-22,0O9xwMLndyG89neJxjuC5u2xqOM=,GQYNxgyJJWevOFVbPcu9JFnRX2Y=
-13,-22,0O9xwMLndyG89neJxjuC5u2xqOM=,GQYNxgyJJWevOFVbPcu9JFnRX2Y=
-14,-23,0O9xwMLndyG89neJxjuC5u2xqOM=,GQYNxgyJJWevOFVbPcu9JFnRX2Y=
-15,-22,0O9xwMLndyG89neJxjuC5u2xqOM=,GQYNxgyJJWevOFVbPcu9JFnRX2Y=
-15,-21,0O9xwMLndyG89neJxjuC5u2xqOM=,GQYNxgyJJWevOFVbPcu9JFnRX2Y=
-16,-21,0O9xwMLndyG89neJxjuC5u2xqOM=,GQYNxgyJJWevOFVbPcu9JFnRX2Y=
-15,-25,0O9xwMLndyG89neJxjuC5u2xqOM=,GQYNxgyJJWevOFVbPcu9JFnRX2Y=
-15,-24,0O9xwMLndyG89neJxjuC5u2xqOM=,GQYNxgyJJWevOFVbPcu9JFnRX2Y=
-11,-17,0O9xwMLndyG89neJxjuC5u2xqOM=,GQYNxgyJJWevOFVbPcu9JFnRX2Y=
-16,-26,0O9xwMLndyG89neJxjuC5u2xqOM=,GQYNxgyJJWevOFVbPcu9JFnRX2Y=
-14,-17,0O9xwMLndyG89neJxjuC5u2xqOM=,GQYNxgyJJWevOFVbPcu9JFnRX2Y=
-13,-21,0O9xwMLndyG89neJxjuC5u2xqOM=,GQYNxgyJJWevOFVbPcu9JFnRX2Y=
-16,-25,0O9xwMLndyG89neJxjuC5u2xqOM=,GQYNxgyJJWevOFVbPcu9JFnRX2Y=
-14,-21,0O9xwMLndyG89neJxjuC5u2xqOM=,GQYNxgyJJWevOFVbPcu9JFnRX2Y=
-7,-26,0O9xwMLndyG89neJxjuC5u2xqOM=,4H6nkk531hJNclSuJDxsDuWpKxA=
-9,-22,0O9xwMLndyG89neJxjuC5u2xqOM=,GQYNxgyJJWevOFVbPcu9JFnRX2Y=
-12,-17,0O9xwMLndyG89neJxjuC5u2xqOM=,GQYNxgyJJWevOFVbPcu9JFnRX2Y=
-15,-17,0O9xwMLndyG89neJxjuC5u2xqOM=,GQYNxgyJJWevOFVbPcu9JFnRX2Y=
-12,-18,0O9xwMLndyG89neJxjuC5u2xqOM=,GQYNxgyJJWevOFVbPcu9JFnRX2Y=
-9,-24,0O9xwMLndyG89neJxjuC5u2xqOM=,GQYNxgyJJWevOFVbPcu9JFnRX2Y=
-9,-23,0O9xwMLndyG89neJxjuC5u2xqOM=,GQYNxgyJJWevOFVbPcu9JFnRX2Y=
-9,-25,0O9xwMLndyG89neJxjuC5u2xqOM=,GQYNxgyJJWevOFVbPcu9JFnRX2Y=
-11,-18,0O9xwMLndyG89neJxjuC5u2xqOM=,GQYNxgyJJWevOFVbPcu9JFnRX2Y=
-10,-18,0O9xwMLndyG89neJxjuC5u2xqOM=,GQYNxgyJJWevOFVbPcu9JFnRX2Y=
-13,-18,0O9xwMLndyG89neJxjuC5u2xqOM=,GQYNxgyJJWevOFVbPcu9JFnRX2Y=
-6,-26,0O9xwMLndyG89neJxjuC5u2xqOM=,4H6nkk531hJNclSuJDxsDuWpKxA=
-12,-24,0O9xwMLndyG89neJxjuC5u2xqOM=,GQYNxgyJJWevOFVbPcu9JFnRX2Y=
-12,-23,0O9xwMLndyG89neJxjuC5u2xqOM=,GQYNxgyJJWevOFVbPcu9JFnRX2Y=
-9,-21,0O9xwMLndyG89neJxjuC5u2xqOM=,GQYNxgyJJWevOFVbPcu9JFnRX2Y=
-11,-23,0O9xwMLndyG89neJxjuC5u2xqOM=,GQYNxgyJJWevOFVbPcu9JFnRX2Y=
-11,-24,0O9xwMLndyG89neJxjuC5u2xqOM=,GQYNxgyJJWevOFVbPcu9JFnRX2Y=
-5,-26,0O9xwMLndyG89neJxjuC5u2xqOM=,4H6nkk531hJNclSuJDxsDuWpKxA=
-14,-22,0O9xwMLndyG89neJxjuC5u2xqOM=,GQYNxgyJJWevOFVbPcu9JFnRX2Y=
-12,-22,0O9xwMLndyG89neJxjuC5u2xqOM=,GQYNxgyJJWevOFVbPcu9JFnRX2Y=
-14,-18,0O9xwMLndyG89neJxjuC5u2xqOM=,GQYNxgyJJWevOFVbPcu9JFnRX2Y=
-11,-22,0O9xwMLndyG89neJxjuC5u2xqOM=,GQYNxgyJJWevOFVbPcu9JFnRX2Y=
-10,-24,0O9xwMLndyG89neJxjuC5u2xqOM=,GQYNxgyJJWevOFVbPcu9JFnRX2Y=
-12,-21,0O9xwMLndyG89neJxjuC5u2xqOM=,GQYNxgyJJWevOFVbPcu9JFnRX2Y=
-4,-26,0O9xwMLndyG89neJxjuC5u2xqOM=,4H6nkk531hJNclSuJDxsDuWpKxA=
-11,-21,0O9xwMLndyG89neJxjuC5u2xqOM=,GQYNxgyJJWevOFVbPcu9JFnRX2Y=
-9,-20,0O9xwMLndyG89neJxjuC5u2xqOM=,GQYNxgyJJWevOFVbPcu9JFnRX2Y=
-3,-26,0O9xwMLndyG89neJxjuC5u2xqOM=,4H6nkk531hJNclSuJDxsDuWpKxA=
-5,-21,0O9xwMLndyG89neJxjuC5u2xqOM=,4H6nkk531hJNclSuJDxsDuWpKxA=
-10,-21,0O9xwMLndyG89neJxjuC5u2xqOM=,GQYNxgyJJWevOFVbPcu9JFnRX2Y=
-12,-20,0O9xwMLndyG89neJxjuC5u2xqOM=,GQYNxgyJJWevOFVbPcu9JFnRX2Y=
-15,-18,0O9xwMLndyG89neJxjuC5u2xqOM=,GQYNxgyJJWevOFVbPcu9JFnRX2Y=
-12,-19,0O9xwMLndyG89neJxjuC5u2xqOM=,GQYNxgyJJWevOFVbPcu9JFnRX2Y=
-10,-20,0O9xwMLndyG89neJxjuC5u2xqOM=,GQYNxgyJJWevOFVbPcu9JFnRX2Y=
-9,-19,0O9xwMLndyG89neJxjuC5u2xqOM=,GQYNxgyJJWevOFVbPcu9JFnRX2Y=
-10,-19,0O9xwMLndyG89neJxjuC5u2xqOM=,GQYNxgyJJWevOFVbPcu9JFnRX2Y=
-16,-20,0O9xwMLndyG89neJxjuC5u2xqOM=,GQYNxgyJJWevOFVbPcu9JFnRX2Y=
-8,-26,0O9xwMLndyG89neJxjuC5u2xqOM=,4H6nkk531hJNclSuJDxsDuWpKxA=
-10,-23,0O9xwMLndyG89neJxjuC5u2xqOM=,GQYNxgyJJWevOFVbPcu9JFnRX2Y=
-15,-20,0O9xwMLndyG89neJxjuC5u2xqOM=,GQYNxgyJJWevOFVbPcu9JFnRX2Y=
-2,-26,0O9xwMLndyG89neJxjuC5u2xqOM=,4H6nkk531hJNclSuJDxsDuWpKxA=
-16,-18,0O9xwMLndyG89neJxjuC5u2xqOM=,GQYNxgyJJWevOFVbPcu9JFnRX2Y=
-1,-26,0O9xwMLndyG89neJxjuC5u2xqOM=,4H6nkk531hJNclSuJDxsDuWpKxA=
-11,-20,0O9xwMLndyG89neJxjuC5u2xqOM=,GQYNxgyJJWevOFVbPcu9JFnRX2Y=
-13,-20,0O9xwMLndyG89neJxjuC5u2xqOM=,GQYNxgyJJWevOFVbPcu9JFnRX2Y=
-14,-19,0O9xwMLndyG89neJxjuC5u2xqOM=,GQYNxgyJJWevOFVbPcu9JFnRX2Y=
-6,-20,0O9xwMLndyG89neJxjuC5u2xqOM=,4H6nkk531hJNclSuJDxsDuWpKxA=
-13,-19,0O9xwMLndyG89neJxjuC5u2xqOM=,GQYNxgyJJWevOFVbPcu9JFnRX2Y=
-16,-19,0O9xwMLndyG89neJxjuC5u2xqOM=,GQYNxgyJJWevOFVbPcu9JFnRX2Y=
-15,-19,0O9xwMLndyG89neJxjuC5u2xqOM=,GQYNxgyJJWevOFVbPcu9JFnRX2Y=
-8,-25,0O9xwMLndyG89neJxjuC5u2xqOM=,4H6nkk531hJNclSuJDxsDuWpKxA=
-7,-25,0O9xwMLndyG89neJxjuC5u2xqOM=,4H6nkk531hJNclSuJDxsDuWpKxA=
-7,-21,0O9xwMLndyG89neJxjuC5u2xqOM=,4H6nkk531hJNclSuJDxsDuWpKxA=
-14,-20,0O9xwMLndyG89neJxjuC5u2xqOM=,GQYNxgyJJWevOFVbPcu9JFnRX2Y=
-6,-25,0O9xwMLndyG89neJxjuC5u2xqOM=,4H6nkk531hJNclSuJDxsDuWpKxA=
-8,-21,0O9xwMLndyG89neJxjuC5u2xqOM=,4H6nkk531hJNclSuJDxsDuWpKxA=
-11,-19,0O9xwMLndyG89neJxjuC5u2xqOM=,GQYNxgyJJWevOFVbPcu9JFnRX2Y=
-1,-25,0O9xwMLndyG89neJxjuC5u2xqOM=,4H6nkk531hJNclSuJDxsDuWpKxA=
-3,-25,0O9xwMLndyG89neJxjuC5u2xqOM=,4H6nkk531hJNclSuJDxsDuWpKxA=
-2,-25,0O9xwMLndyG89neJxjuC5u2xqOM=,4H6nkk531hJNclSuJDxsDuWpKxA=
-9,-18,0O9xwMLndyG89neJxjuC5u2xqOM=,GQYNxgyJJWevOFVbPcu9JFnRX2Y=
-7,-19,0O9xwMLndyG89neJxjuC5u2xqOM=,4H6nkk531hJNclSuJDxsDuWpKxA=
-3,-24,0O9xwMLndyG89neJxjuC5u2xqOM=,4H6nkk531hJNclSuJDxsDuWpKxA=
-3,-19,0O9xwMLndyG89neJxjuC5u2xqOM=,4H6nkk531hJNclSuJDxsDuWpKxA=
-10,-22,0O9xwMLndyG89neJxjuC5u2xqOM=,GQYNxgyJJWevOFVbPcu9JFnRX2Y=
-6,-21,0O9xwMLndyG89neJxjuC5u2xqOM=,4H6nkk531hJNclSuJDxsDuWpKxA=
-2,-22,0O9xwMLndyG89neJxjuC5u2xqOM=,4H6nkk531hJNclSuJDxsDuWpKxA=
-6,-19,0O9xwMLndyG89neJxjuC5u2xqOM=,4H6nkk531hJNclSuJDxsDuWpKxA=
-4,-25,0O9xwMLndyG89neJxjuC5u2xqOM=,4H6nkk531hJNclSuJDxsDuWpKxA=
-8,-19,0O9xwMLndyG89neJxjuC5u2xqOM=,4H6nkk531hJNclSuJDxsDuWpKxA=
-4,-19,0O9xwMLndyG89neJxjuC5u2xqOM=,4H6nkk531hJNclSuJDxsDuWpKxA=
-3,-22,0O9xwMLndyG89neJxjuC5u2xqOM=,4H6nkk531hJNclSuJDxsDuWpKxA=
-1,-22,0O9xwMLndyG89neJxjuC5u2xqOM=,4H6nkk531hJNclSuJDxsDuWpKxA=
-3,-18,0O9xwMLndyG89neJxjuC5u2xqOM=,4H6nkk531hJNclSuJDxsDuWpKxA=
-1,-18,0O9xwMLndyG89neJxjuC5u2xqOM=,4H6nkk531hJNclSuJDxsDuWpKxA=
-8,-17,0O9xwMLndyG89neJxjuC5u2xqOM=,4H6nkk531hJNclSuJDxsDuWpKxA=
-5,-18,0O9xwMLndyG89neJxjuC5u2xqOM=,4H6nkk531hJNclSuJDxsDuWpKxA=
-1,-20,0O9xwMLndyG89neJxjuC5u2xqOM=,4H6nkk531hJNclSuJDxsDuWpKxA=
-2,-18,0O9xwMLndyG89neJxjuC5u2xqOM=,4H6nkk531hJNclSuJDxsDuWpKxA=
-3,-17,0O9xwMLndyG89neJxjuC5u2xqOM=,4H6nkk531hJNclSuJDxsDuWpKxA=
-1,-17,0O9xwMLndyG89neJxjuC5u2xqOM=,4H6nkk531hJNclSuJDxsDuWpKxA=
-2,-17,0O9xwMLndyG89neJxjuC5u2xqOM=,4H6nkk531hJNclSuJDxsDuWpKxA=
-5,-22,0O9xwMLndyG89neJxjuC5u2xqOM=,4H6nkk531hJNclSuJDxsDuWpKxA=
-4,-17,0O9xwMLndyG89neJxjuC5u2xqOM=,4H6nkk531hJNclSuJDxsDuWpKxA=
-7,-20,0O9xwMLndyG89neJxjuC5u2xqOM=,4H6nkk531hJNclSuJDxsDuWpKxA=
-1,-23,0O9xwMLndyG89neJxjuC5u2xqOM=,4H6nkk531hJNclSuJDxsDuWpKxA=
-2,-23,0O9xwMLndyG89neJxjuC5u2xqOM=,4H6nkk531hJNclSuJDxsDuWpKxA=
-5,-17,0O9xwMLndyG89neJxjuC5u2xqOM=,4H6nkk531hJNclSuJDxsDuWpKxA=
-8,-20,0O9xwMLndyG89neJxjuC5u2xqOM=,4H6nkk531hJNclSuJDxsDuWpKxA=
-6,-18,0O9xwMLndyG89neJxjuC5u2xqOM=,4H6nkk531hJNclSuJDxsDuWpKxA=
-7,-18,0O9xwMLndyG89neJxjuC5u2xqOM=,4H6nkk531hJNclSuJDxsDuWpKxA=
-6,-17,0O9xwMLndyG89neJxjuC5u2xqOM=,4H6nkk531hJNclSuJDxsDuWpKxA=
-4,-24,0O9xwMLndyG89neJxjuC5u2xqOM=,4H6nkk531hJNclSuJDxsDuWpKxA=
-5,-24,0O9xwMLndyG89neJxjuC5u2xqOM=,4H6nkk531hJNclSuJDxsDuWpKxA=
-3,-23,0O9xwMLndyG89neJxjuC5u2xqOM=,4H6nkk531hJNclSuJDxsDuWpKxA=
-4,-23,0O9xwMLndyG89neJxjuC5u2xqOM=,4H6nkk531hJNclSuJDxsDuWpKxA=
-7,-24,0O9xwMLndyG89neJxjuC5u2xqOM=,4H6nkk531hJNclSuJDxsDuWpKxA=
-5,-19,0O9xwMLndyG89neJxjuC5u2xqOM=,4H6nkk531hJNclSuJDxsDuWpKxA=
-7,-17,0O9xwMLndyG89neJxjuC5u2xqOM=,4H6nkk531hJNclSuJDxsDuWpKxA=
-2,-20,0O9xwMLndyG89neJxjuC5u2xqOM=,4H6nkk531hJNclSuJDxsDuWpKxA=
-4,-21,0O9xwMLndyG89neJxjuC5u2xqOM=,4H6nkk531hJNclSuJDxsDuWpKxA=
-7,-22,0O9xwMLndyG89neJxjuC5u2xqOM=,4H6nkk531hJNclSuJDxsDuWpKxA=
-8,-23,0O9xwMLndyG89neJxjuC5u2xqOM=,4H6nkk531hJNclSuJDxsDuWpKxA=
-1,-21,0O9xwMLndyG89neJxjuC5u2xqOM=,4H6nkk531hJNclSuJDxsDuWpKxA=
-8,-22,0O9xwMLndyG89neJxjuC5u2xqOM=,4H6nkk531hJNclSuJDxsDuWpKxA=
-1,-24,0O9xwMLndyG89neJxjuC5u2xqOM=,4H6nkk531hJNclSuJDxsDuWpKxA=
-8,-18,0O9xwMLndyG89neJxjuC5u2xqOM=,4H6nkk531hJNclSuJDxsDuWpKxA=
-1,-19,0O9xwMLndyG89neJxjuC5u2xqOM=,4H6nkk531hJNclSuJDxsDuWpKxA=
-8,-24,0O9xwMLndyG89neJxjuC5u2xqOM=,4H6nkk531hJNclSuJDxsDuWpKxA=
-2,-21,0O9xwMLndyG89neJxjuC5u2xqOM=,4H6nkk531hJNclSuJDxsDuWpKxA=
-2,-24,0O9xwMLndyG89neJxjuC5u2xqOM=,4H6nkk531hJNclSuJDxsDuWpKxA=
-2,-19,0O9xwMLndyG89neJxjuC5u2xqOM=,4H6nkk531hJNclSuJDxsDuWpKxA=
-6,-23,0O9xwMLndyG89neJxjuC5u2xqOM=,4H6nkk531hJNclSuJDxsDuWpKxA=
-4,-18,0O9xwMLndyG89neJxjuC5u2xqOM=,4H6nkk531hJNclSuJDxsDuWpKxA=
-7,-23,0O9xwMLndyG89neJxjuC5u2xqOM=,4H6nkk531hJNclSuJDxsDuWpKxA=
-5,-25,0O9xwMLndyG89neJxjuC5u2xqOM=,4H6nkk531hJNclSuJDxsDuWpKxA=
-3,-21,0O9xwMLndyG89neJxjuC5u2xqOM=,4H6nkk531hJNclSuJDxsDuWpKxA=
-6,-22,0O9xwMLndyG89neJxjuC5u2xqOM=,4H6nkk531hJNclSuJDxsDuWpKxA=
-5,-23,0O9xwMLndyG89neJxjuC5u2xqOM=,4H6nkk531hJNclSuJDxsDuWpKxA=
-4,-22,0O9xwMLndyG89neJxjuC5u2xqOM=,4H6nkk531hJNclSuJDxsDuWpKxA=
-6,-24,0O9xwMLndyG89neJxjuC5u2xqOM=,4H6nkk531hJNclSuJDxsDuWpKxA=
-3,-20,0O9xwMLndyG89neJxjuC5u2xqOM=,4H6nkk531hJNclSuJDxsDuWpKxA=
-4,-20,0O9xwMLndyG89neJxjuC5u2xqOM=,4H6nkk531hJNclSuJDxsDuWpKxA=
-5,-20,0O9xwMLndyG89neJxjuC5u2xqOM=,4H6nkk531hJNclSuJDxsDuWpKxA=
-22,-26,S5YAXwmNGid8TjGW3Ee8GiTAEOU=,sELnQTWThzTrHQsm1YN0nj4qyr4=
-23,-26,S5YAXwmNGid8TjGW3Ee8GiTAEOU=,sELnQTWThzTrHQsm1YN0nj4qyr4=
-21,-26,S5YAXwmNGid8TjGW3Ee8GiTAEOU=,sELnQTWThzTrHQsm1YN0nj4qyr4=
-20,-26,S5YAXwmNGid8TjGW3Ee8GiTAEOU=,sELnQTWThzTrHQsm1YN0nj4qyr4=
-21,-20,MKjVrrcpWENimGpr4WPzIo+ersc=,sELnQTWThzTrHQsm1YN0nj4qyr4=
-19,-25,MKjVrrcpWENimGpr4WPzIo+ersc=,sELnQTWThzTrHQsm1YN0nj4qyr4=
-20,-22,MKjVrrcpWENimGpr4WPzIo+ersc=,sELnQTWThzTrHQsm1YN0nj4qyr4=
-22,-17,MKjVrrcpWENimGpr4WPzIo+ersc=,sELnQTWThzTrHQsm1YN0nj4qyr4=
-20,-20,MKjVrrcpWENimGpr4WPzIo+ersc=,sELnQTWThzTrHQsm1YN0nj4qyr4=
-21,-24,MKjVrrcpWENimGpr4WPzIo+ersc=,sELnQTWThzTrHQsm1YN0nj4qyr4=
-23,-17,MKjVrrcpWENimGpr4WPzIo+ersc=,sELnQTWThzTrHQsm1YN0nj4qyr4=
-19,-26,MKjVrrcpWENimGpr4WPzIo+ersc=,sELnQTWThzTrHQsm1YN0nj4qyr4=
-26,-22,MKjVrrcpWENimGpr4WPzIo+ersc=,yA5gmINzEY5vK2Fi4J6pJIED9Ts=
-26,-23,MKjVrrcpWENimGpr4WPzIo+ersc=,yA5gmINzEY5vK2Fi4J6pJIED9Ts=
-18,-26,MKjVrrcpWENimGpr4WPzIo+ersc=,sELnQTWThzTrHQsm1YN0nj4qyr4=
-26,-21,MKjVrrcpWENimGpr4WPzIo+ersc=,yA5gmINzEY5vK2Fi4J6pJIED9Ts=
-24,-17,MKjVrrcpWENimGpr4WPzIo+ersc=,sELnQTWThzTrHQsm1YN0nj4qyr4=
-17,-18,MKjVrrcpWENimGpr4WPzIo+ersc=,sELnQTWThzTrHQsm1YN0nj4qyr4=
-26,-20,MKjVrrcpWENimGpr4WPzIo+ersc=,yA5gmINzEY5vK2Fi4J6pJIED9Ts=
-26,-18,MKjVrrcpWENimGpr4WPzIo+ersc=,yA5gmINzEY5vK2Fi4J6pJIED9Ts=
-25,-17,MKjVrrcpWENimGpr4WPzIo+ersc=,yA5gmINzEY5vK2Fi4J6pJIED9Ts=
-26,-26,MKjVrrcpWENimGpr4WPzIo+ersc=,yA5gmINzEY5vK2Fi4J6pJIED9Ts=
-26,-25,MKjVrrcpWENimGpr4WPzIo+ersc=,yA5gmINzEY5vK2Fi4J6pJIED9Ts=
-26,-19,MKjVrrcpWENimGpr4WPzIo+ersc=,yA5gmINzEY5vK2Fi4J6pJIED9Ts=
-25,-26,MKjVrrcpWENimGpr4WPzIo+ersc=,yA5gmINzEY5vK2Fi4J6pJIED9Ts=
-26,-24,MKjVrrcpWENimGpr4WPzIo+ersc=,yA5gmINzEY5vK2Fi4J6pJIED9Ts=
-17,-26,MKjVrrcpWENimGpr4WPzIo+ersc=,sELnQTWThzTrHQsm1YN0nj4qyr4=
-24,-26,MKjVrrcpWENimGpr4WPzIo+ersc=,sELnQTWThzTrHQsm1YN0nj4qyr4=
-21,-17,MKjVrrcpWENimGpr4WPzIo+ersc=,sELnQTWThzTrHQsm1YN0nj4qyr4=
-25,-19,MKjVrrcpWENimGpr4WPzIo+ersc=,yA5gmINzEY5vK2Fi4J6pJIED9Ts=
-18,-23,MKjVrrcpWENimGpr4WPzIo+ersc=,sELnQTWThzTrHQsm1YN0nj4qyr4=
-20,-24,MKjVrrcpWENimGpr4WPzIo+ersc=,sELnQTWThzTrHQsm1YN0nj4qyr4=
-26,-17,MKjVrrcpWENimGpr4WPzIo+ersc=,yA5gmINzEY5vK2Fi4J6pJIED9Ts=
-22,-20,MKjVrrcpWENimGpr4WPzIo+ersc=,sELnQTWThzTrHQsm1YN0nj4qyr4=
-17,-19,MKjVrrcpWENimGpr4WPzIo+ersc=,sELnQTWThzTrHQsm1YN0nj4qyr4=
-20,-17,MKjVrrcpWENimGpr4WPzIo+ersc=,sELnQTWThzTrHQsm1YN0nj4qyr4=
-19,-19,MKjVrrcpWENimGpr4WPzIo+ersc=,sELnQTWThzTrHQsm1YN0nj4qyr4=
-17,-20,MKjVrrcpWENimGpr4WPzIo+ersc=,sELnQTWThzTrHQsm1YN0nj4qyr4=
-21,-22,MKjVrrcpWENimGpr4WPzIo+ersc=,sELnQTWThzTrHQsm1YN0nj4qyr4=
-17,-21,MKjVrrcpWENimGpr4WPzIo+ersc=,sELnQTWThzTrHQsm1YN0nj4qyr4=
-24,-21,MKjVrrcpWENimGpr4WPzIo+ersc=,sELnQTWThzTrHQsm1YN0nj4qyr4=
-25,-18,MKjVrrcpWENimGpr4WPzIo+ersc=,yA5gmINzEY5vK2Fi4J6pJIED9Ts=
-23,-21,MKjVrrcpWENimGpr4WPzIo+ersc=,sELnQTWThzTrHQsm1YN0nj4qyr4=
-20,-23,MKjVrrcpWENimGpr4WPzIo+ersc=,sELnQTWThzTrHQsm1YN0nj4qyr4=
-18,-18,MKjVrrcpWENimGpr4WPzIo+ersc=,sELnQTWThzTrHQsm1YN0nj4qyr4=
-19,-23,MKjVrrcpWENimGpr4WPzIo+ersc=,sELnQTWThzTrHQsm1YN0nj4qyr4=
-25,-20,MKjVrrcpWENimGpr4WPzIo+ersc=,yA5gmINzEY5vK2Fi4J6pJIED9Ts=
-18,-25,MKjVrrcpWENimGpr4WPzIo+ersc=,sELnQTWThzTrHQsm1YN0nj4qyr4=
-18,-20,MKjVrrcpWENimGpr4WPzIo+ersc=,sELnQTWThzTrHQsm1YN0nj4qyr4=
-17,-22,MKjVrrcpWENimGpr4WPzIo+ersc=,sELnQTWThzTrHQsm1YN0nj4qyr4=
-17,-24,MKjVrrcpWENimGpr4WPzIo+ersc=,sELnQTWThzTrHQsm1YN0nj4qyr4=
-24,-18,MKjVrrcpWENimGpr4WPzIo+ersc=,sELnQTWThzTrHQsm1YN0nj4qyr4=
-22,-22,MKjVrrcpWENimGpr4WPzIo+ersc=,sELnQTWThzTrHQsm1YN0nj4qyr4=
-22,-21,MKjVrrcpWENimGpr4WPzIo+ersc=,sELnQTWThzTrHQsm1YN0nj4qyr4=
-21,-25,MKjVrrcpWENimGpr4WPzIo+ersc=,sELnQTWThzTrHQsm1YN0nj4qyr4=
-23,-20,MKjVrrcpWENimGpr4WPzIo+ersc=,sELnQTWThzTrHQsm1YN0nj4qyr4=
-24,-20,MKjVrrcpWENimGpr4WPzIo+ersc=,sELnQTWThzTrHQsm1YN0nj4qyr4=
-25,-21,MKjVrrcpWENimGpr4WPzIo+ersc=,yA5gmINzEY5vK2Fi4J6pJIED9Ts=
-19,-24,MKjVrrcpWENimGpr4WPzIo+ersc=,sELnQTWThzTrHQsm1YN0nj4qyr4=
-23,-19,MKjVrrcpWENimGpr4WPzIo+ersc=,sELnQTWThzTrHQsm1YN0nj4qyr4=
-22,-25,MKjVrrcpWENimGpr4WPzIo+ersc=,sELnQTWThzTrHQsm1YN0nj4qyr4=
-18,-22,MKjVrrcpWENimGpr4WPzIo+ersc=,sELnQTWThzTrHQsm1YN0nj4qyr4=
-24,-23,MKjVrrcpWENimGpr4WPzIo+ersc=,sELnQTWThzTrHQsm1YN0nj4qyr4=
-18,-19,MKjVrrcpWENimGpr4WPzIo+ersc=,sELnQTWThzTrHQsm1YN0nj4qyr4=
-23,-25,MKjVrrcpWENimGpr4WPzIo+ersc=,sELnQTWThzTrHQsm1YN0nj4qyr4=
-19,-22,MKjVrrcpWENimGpr4WPzIo+ersc=,sELnQTWThzTrHQsm1YN0nj4qyr4=
-19,-20,MKjVrrcpWENimGpr4WPzIo+ersc=,sELnQTWThzTrHQsm1YN0nj4qyr4=
-18,-17,MKjVrrcpWENimGpr4WPzIo+ersc=,sELnQTWThzTrHQsm1YN0nj4qyr4=
-23,-23,MKjVrrcpWENimGpr4WPzIo+ersc=,sELnQTWThzTrHQsm1YN0nj4qyr4=
-22,-24,MKjVrrcpWENimGpr4WPzIo+ersc=,sELnQTWThzTrHQsm1YN0nj4qyr4=
-19,-18,MKjVrrcpWENimGpr4WPzIo+ersc=,sELnQTWThzTrHQsm1YN0nj4qyr4=
-23,-22,MKjVrrcpWENimGpr4WPzIo+ersc=,sELnQTWThzTrHQsm1YN0nj4qyr4=
-20,-18,MKjVrrcpWENimGpr4WPzIo+ersc=,sELnQTWThzTrHQsm1YN0nj4qyr4=
-23,-18,MKjVrrcpWENimGpr4WPzIo+ersc=,sELnQTWThzTrHQsm1YN0nj4qyr4=
-20,-25,MKjVrrcpWENimGpr4WPzIo+ersc=,sELnQTWThzTrHQsm1YN0nj4qyr4=
-18,-21,MKjVrrcpWENimGpr4WPzIo+ersc=,sELnQTWThzTrHQsm1YN0nj4qyr4=
-25,-22,MKjVrrcpWENimGpr4WPzIo+ersc=,yA5gmINzEY5vK2Fi4J6pJIED9Ts=
-19,-17,MKjVrrcpWENimGpr4WPzIo+ersc=,sELnQTWThzTrHQsm1YN0nj4qyr4=
-17,-17,MKjVrrcpWENimGpr4WPzIo+ersc=,sELnQTWThzTrHQsm1YN0nj4qyr4=
-24,-19,MKjVrrcpWENimGpr4WPzIo+ersc=,sELnQTWThzTrHQsm1YN0nj4qyr4=
-24,-25,MKjVrrcpWENimGpr4WPzIo+ersc=,sELnQTWThzTrHQsm1YN0nj4qyr4=
-22,-19,MKjVrrcpWENimGpr4WPzIo+ersc=,sELnQTWThzTrHQsm1YN0nj4qyr4=
-19,-21,MKjVrrcpWENimGpr4WPzIo+ersc=,sELnQTWThzTrHQsm1YN0nj4qyr4=
-24,-22,MKjVrrcpWENimGpr4WPzIo+ersc=,sELnQTWThzTrHQsm1YN0nj4qyr4=
-21,-18,MKjVrrcpWENimGpr4WPzIo+ersc=,sELnQTWThzTrHQsm1YN0nj4qyr4=
-17,-23,MKjVrrcpWENimGpr4WPzIo+ersc=,sELnQTWThzTrHQsm1YN0nj4qyr4=
-25,-24,MKjVrrcpWENimGpr4WPzIo+ersc=,yA5gmINzEY5vK2Fi4J6pJIED9Ts=
-18,-24,MKjVrrcpWENimGpr4WPzIo+ersc=,sELnQTWThzTrHQsm1YN0nj4qyr4=
-21,-23,MKjVrrcpWENimGpr4WPzIo+ersc=,sELnQTWThzTrHQsm1YN0nj4qyr4=
-22,-18,MKjVrrcpWENimGpr4WPzIo+ersc=,sELnQTWThzTrHQsm1YN0nj4qyr4=
-22,-23,MKjVrrcpWENimGpr4WPzIo+ersc=,sELnQTWThzTrHQsm1YN0nj4qyr4=
-25,-25,MKjVrrcpWENimGpr4WPzIo+ersc=,yA5gmINzEY5vK2Fi4J6pJIED9Ts=
-25,-23,MKjVrrcpWENimGpr4WPzIo+ersc=,yA5gmINzEY5vK2Fi4J6pJIED9Ts=
-17,-25,MKjVrrcpWENimGpr4WPzIo+ersc=,sELnQTWThzTrHQsm1YN0nj4qyr4=
-20,-21,MKjVrrcpWENimGpr4WPzIo+ersc=,sELnQTWThzTrHQsm1YN0nj4qyr4=
-23,-24,MKjVrrcpWENimGpr4WPzIo+ersc=,sELnQTWThzTrHQsm1YN0nj4qyr4=
-20,-19,MKjVrrcpWENimGpr4WPzIo+ersc=,sELnQTWThzTrHQsm1YN0nj4qyr4=
-21,-21,MKjVrrcpWENimGpr4WPzIo+ersc=,sELnQTWThzTrHQsm1YN0nj4qyr4=
-24,-24,MKjVrrcpWENimGpr4WPzIo+ersc=,sELnQTWThzTrHQsm1YN0nj4qyr4=
-21,-19,MKjVrrcpWENimGpr4WPzIo+ersc=,sELnQTWThzTrHQsm1YN0nj4qyr4=
-25,-9,En74Y0Cwol2p4QEX3wrDCoZ8iQQ=,SU+hCvRhGkeFm0+J7JNzSTdQnJU=
-24,-12,En74Y0Cwol2p4QEX3wrDCoZ8iQQ=,sELnQTWThzTrHQsm1YN0nj4qyr4=
-26,-8,En74Y0Cwol2p4QEX3wrDCoZ8iQQ=,vGvOJXjXLMuPOTvdMCjQvqtghtU=
-26,-7,En74Y0Cwol2p4QEX3wrDCoZ8iQQ=,vGvOJXjXLMuPOTvdMCjQvqtghtU=
-26,-6,En74Y0Cwol2p4QEX3wrDCoZ8iQQ=,vGvOJXjXLMuPOTvdMCjQvqtghtU=
-26,-5,En74Y0Cwol2p4QEX3wrDCoZ8iQQ=,vGvOJXjXLMuPOTvdMCjQvqtghtU=
-22,-12,En74Y0Cwol2p4QEX3wrDCoZ8iQQ=,sELnQTWThzTrHQsm1YN0nj4qyr4=
-23,-12,En74Y0Cwol2p4QEX3wrDCoZ8iQQ=,sELnQTWThzTrHQsm1YN0nj4qyr4=
-21,-12,F69pcRvdiCbPX0tXeb4c/sS3Y7w=,sELnQTWThzTrHQsm1YN0nj4qyr4=
-20,-12,F69pcRvdiCbPX0tXeb4c/sS3Y7w=,sELnQTWThzTrHQsm1YN0nj4qyr4=
-19,-12,F69pcRvdiCbPX0tXeb4c/sS3Y7w=,sELnQTWThzTrHQsm1YN0nj4qyr4=
-22,-8,F69pcRvdiCbPX0tXeb4c/sS3Y7w=,+ottZOwLHDgkVPNGSXhN82aZZ+c=
-25,-10,F69pcRvdiCbPX0tXeb4c/sS3Y7w=,SU+hCvRhGkeFm0+J7JNzSTdQnJU=
-18,-12,F69pcRvdiCbPX0tXeb4c/sS3Y7w=,sELnQTWThzTrHQsm1YN0nj4qyr4=
-24,-9,EQopdnRtN4wuTmjApSNLq2/cEDA=,sELnQTWThzTrHQsm1YN0nj4qyr4=
-25,-11,EQopdnRtN4wuTmjApSNLq2/cEDA=,SU+hCvRhGkeFm0+J7JNzSTdQnJU=
-19,-9,EQopdnRtN4wuTmjApSNLq2/cEDA=,sELnQTWThzTrHQsm1YN0nj4qyr4=
-25,-8,EQopdnRtN4wuTmjApSNLq2/cEDA=,vGvOJXjXLMuPOTvdMCjQvqtghtU=
-25,-12,EQopdnRtN4wuTmjApSNLq2/cEDA=,SU+hCvRhGkeFm0+J7JNzSTdQnJU=
-21,-8,EQopdnRtN4wuTmjApSNLq2/cEDA=,+ottZOwLHDgkVPNGSXhN82aZZ+c=
-23,-9,EQopdnRtN4wuTmjApSNLq2/cEDA=,sELnQTWThzTrHQsm1YN0nj4qyr4=
-26,-9,EQopdnRtN4wuTmjApSNLq2/cEDA=,SU+hCvRhGkeFm0+J7JNzSTdQnJU=
-26,-11,EQopdnRtN4wuTmjApSNLq2/cEDA=,SU+hCvRhGkeFm0+J7JNzSTdQnJU=
-26,-10,EQopdnRtN4wuTmjApSNLq2/cEDA=,SU+hCvRhGkeFm0+J7JNzSTdQnJU=
-26,-12,EQopdnRtN4wuTmjApSNLq2/cEDA=,SU+hCvRhGkeFm0+J7JNzSTdQnJU=
-18,-9,EQopdnRtN4wuTmjApSNLq2/cEDA=,sELnQTWThzTrHQsm1YN0nj4qyr4=
-20,-8,EQopdnRtN4wuTmjApSNLq2/cEDA=,+ottZOwLHDgkVPNGSXhN82aZZ+c=
-21,-6,EQopdnRtN4wuTmjApSNLq2/cEDA=,+ottZOwLHDgkVPNGSXhN82aZZ+c=
-21,-16,EQopdnRtN4wuTmjApSNLq2/cEDA=,sELnQTWThzTrHQsm1YN0nj4qyr4=
-17,-12,EQopdnRtN4wuTmjApSNLq2/cEDA=,sELnQTWThzTrHQsm1YN0nj4qyr4=
-24,-11,EQopdnRtN4wuTmjApSNLq2/cEDA=,sELnQTWThzTrHQsm1YN0nj4qyr4=
-22,-11,EQopdnRtN4wuTmjApSNLq2/cEDA=,sELnQTWThzTrHQsm1YN0nj4qyr4=
-22,-16,EQopdnRtN4wuTmjApSNLq2/cEDA=,sELnQTWThzTrHQsm1YN0nj4qyr4=
-23,-11,EQopdnRtN4wuTmjApSNLq2/cEDA=,sELnQTWThzTrHQsm1YN0nj4qyr4=
-22,-9,EQopdnRtN4wuTmjApSNLq2/cEDA=,sELnQTWThzTrHQsm1YN0nj4qyr4=
-25,-6,EQopdnRtN4wuTmjApSNLq2/cEDA=,vGvOJXjXLMuPOTvdMCjQvqtghtU=
-20,-7,EQopdnRtN4wuTmjApSNLq2/cEDA=,+ottZOwLHDgkVPNGSXhN82aZZ+c=
-26,-15,EQopdnRtN4wuTmjApSNLq2/cEDA=,SU+hCvRhGkeFm0+J7JNzSTdQnJU=
-23,-16,EQopdnRtN4wuTmjApSNLq2/cEDA=,sELnQTWThzTrHQsm1YN0nj4qyr4=
-25,-7,EQopdnRtN4wuTmjApSNLq2/cEDA=,vGvOJXjXLMuPOTvdMCjQvqtghtU=
-17,-9,EQopdnRtN4wuTmjApSNLq2/cEDA=,sELnQTWThzTrHQsm1YN0nj4qyr4=
-19,-11,EQopdnRtN4wuTmjApSNLq2/cEDA=,sELnQTWThzTrHQsm1YN0nj4qyr4=
-18,-11,EQopdnRtN4wuTmjApSNLq2/cEDA=,sELnQTWThzTrHQsm1YN0nj4qyr4=
-24,-16,EQopdnRtN4wuTmjApSNLq2/cEDA=,sELnQTWThzTrHQsm1YN0nj4qyr4=
-23,-5,EQopdnRtN4wuTmjApSNLq2/cEDA=,+ottZOwLHDgkVPNGSXhN82aZZ+c=
-21,-11,EQopdnRtN4wuTmjApSNLq2/cEDA=,sELnQTWThzTrHQsm1YN0nj4qyr4=
-17,-11,EQopdnRtN4wuTmjApSNLq2/cEDA=,sELnQTWThzTrHQsm1YN0nj4qyr4=
-22,-5,EQopdnRtN4wuTmjApSNLq2/cEDA=,+ottZOwLHDgkVPNGSXhN82aZZ+c=
-24,-10,EQopdnRtN4wuTmjApSNLq2/cEDA=,sELnQTWThzTrHQsm1YN0nj4qyr4=
-20,-11,EQopdnRtN4wuTmjApSNLq2/cEDA=,sELnQTWThzTrHQsm1YN0nj4qyr4=
-25,-16,EQopdnRtN4wuTmjApSNLq2/cEDA=,SU+hCvRhGkeFm0+J7JNzSTdQnJU=
-26,-16,EQopdnRtN4wuTmjApSNLq2/cEDA=,SU+hCvRhGkeFm0+J7JNzSTdQnJU=
-26,-13,EQopdnRtN4wuTmjApSNLq2/cEDA=,SU+hCvRhGkeFm0+J7JNzSTdQnJU=
-21,-5,EQopdnRtN4wuTmjApSNLq2/cEDA=,+ottZOwLHDgkVPNGSXhN82aZZ+c=
-21,-14,EQopdnRtN4wuTmjApSNLq2/cEDA=,sELnQTWThzTrHQsm1YN0nj4qyr4=
-25,-1,EQopdnRtN4wuTmjApSNLq2/cEDA=,vGvOJXjXLMuPOTvdMCjQvqtghtU=
-25,-15,EQopdnRtN4wuTmjApSNLq2/cEDA=,SU+hCvRhGkeFm0+J7JNzSTdQnJU=
-22,-10,EQopdnRtN4wuTmjApSNLq2/cEDA=,sELnQTWThzTrHQsm1YN0nj4qyr4=
-21,-9,EQopdnRtN4wuTmjApSNLq2/cEDA=,sELnQTWThzTrHQsm1YN0nj4qyr4=
-21,-10,EQopdnRtN4wuTmjApSNLq2/cEDA=,sELnQTWThzTrHQsm1YN0nj4qyr4=
-23,-10,EQopdnRtN4wuTmjApSNLq2/cEDA=,sELnQTWThzTrHQsm1YN0nj4qyr4=
-26,-14,EQopdnRtN4wuTmjApSNLq2/cEDA=,SU+hCvRhGkeFm0+J7JNzSTdQnJU=
-22,-14,EQopdnRtN4wuTmjApSNLq2/cEDA=,sELnQTWThzTrHQsm1YN0nj4qyr4=
-20,-10,EQopdnRtN4wuTmjApSNLq2/cEDA=,sELnQTWThzTrHQsm1YN0nj4qyr4=
-20,-5,EQopdnRtN4wuTmjApSNLq2/cEDA=,+ottZOwLHDgkVPNGSXhN82aZZ+c=
-19,-10,EQopdnRtN4wuTmjApSNLq2/cEDA=,sELnQTWThzTrHQsm1YN0nj4qyr4=
-25,-14,EQopdnRtN4wuTmjApSNLq2/cEDA=,SU+hCvRhGkeFm0+J7JNzSTdQnJU=
-23,-14,EQopdnRtN4wuTmjApSNLq2/cEDA=,sELnQTWThzTrHQsm1YN0nj4qyr4=
-17,-8,EQopdnRtN4wuTmjApSNLq2/cEDA=,+ottZOwLHDgkVPNGSXhN82aZZ+c=
-18,-10,EQopdnRtN4wuTmjApSNLq2/cEDA=,sELnQTWThzTrHQsm1YN0nj4qyr4=
-25,-13,EQopdnRtN4wuTmjApSNLq2/cEDA=,SU+hCvRhGkeFm0+J7JNzSTdQnJU=
-19,-5,EQopdnRtN4wuTmjApSNLq2/cEDA=,+ottZOwLHDgkVPNGSXhN82aZZ+c=
-17,-10,EQopdnRtN4wuTmjApSNLq2/cEDA=,sELnQTWThzTrHQsm1YN0nj4qyr4=
-24,-13,EQopdnRtN4wuTmjApSNLq2/cEDA=,sELnQTWThzTrHQsm1YN0nj4qyr4=
-23,-13,EQopdnRtN4wuTmjApSNLq2/cEDA=,sELnQTWThzTrHQsm1YN0nj4qyr4=
-24,-14,EQopdnRtN4wuTmjApSNLq2/cEDA=,sELnQTWThzTrHQsm1YN0nj4qyr4=
-22,-13,EQopdnRtN4wuTmjApSNLq2/cEDA=,sELnQTWThzTrHQsm1YN0nj4qyr4=
-24,-15,EQopdnRtN4wuTmjApSNLq2/cEDA=,sELnQTWThzTrHQsm1YN0nj4qyr4=
-25,-5,EQopdnRtN4wuTmjApSNLq2/cEDA=,vGvOJXjXLMuPOTvdMCjQvqtghtU=
-21,-13,EQopdnRtN4wuTmjApSNLq2/cEDA=,sELnQTWThzTrHQsm1YN0nj4qyr4=
-18,-5,EQopdnRtN4wuTmjApSNLq2/cEDA=,+ottZOwLHDgkVPNGSXhN82aZZ+c=
-21,-15,EQopdnRtN4wuTmjApSNLq2/cEDA=,sELnQTWThzTrHQsm1YN0nj4qyr4=
-22,-15,EQopdnRtN4wuTmjApSNLq2/cEDA=,sELnQTWThzTrHQsm1YN0nj4qyr4=
-23,-15,EQopdnRtN4wuTmjApSNLq2/cEDA=,sELnQTWThzTrHQsm1YN0nj4qyr4=
-25,-2,EQopdnRtN4wuTmjApSNLq2/cEDA=,vGvOJXjXLMuPOTvdMCjQvqtghtU=
-20,-9,EQopdnRtN4wuTmjApSNLq2/cEDA=,sELnQTWThzTrHQsm1YN0nj4qyr4=
-17,-7,EQopdnRtN4wuTmjApSNLq2/cEDA=,+ottZOwLHDgkVPNGSXhN82aZZ+c=
-18,-7,EQopdnRtN4wuTmjApSNLq2/cEDA=,+ottZOwLHDgkVPNGSXhN82aZZ+c=
-18,-8,EQopdnRtN4wuTmjApSNLq2/cEDA=,+ottZOwLHDgkVPNGSXhN82aZZ+c=
-17,-6,EQopdnRtN4wuTmjApSNLq2/cEDA=,+ottZOwLHDgkVPNGSXhN82aZZ+c=
-19,-7,EQopdnRtN4wuTmjApSNLq2/cEDA=,+ottZOwLHDgkVPNGSXhN82aZZ+c=
-18,-6,EQopdnRtN4wuTmjApSNLq2/cEDA=,+ottZOwLHDgkVPNGSXhN82aZZ+c=
-21,-7,EQopdnRtN4wuTmjApSNLq2/cEDA=,+ottZOwLHDgkVPNGSXhN82aZZ+c=
-19,-6,EQopdnRtN4wuTmjApSNLq2/cEDA=,+ottZOwLHDgkVPNGSXhN82aZZ+c=
-24,-8,EQopdnRtN4wuTmjApSNLq2/cEDA=,+ottZOwLHDgkVPNGSXhN82aZZ+c=
-24,-6,EQopdnRtN4wuTmjApSNLq2/cEDA=,+ottZOwLHDgkVPNGSXhN82aZZ+c=
-17,-5,EQopdnRtN4wuTmjApSNLq2/cEDA=,+ottZOwLHDgkVPNGSXhN82aZZ+c=
-22,-6,EQopdnRtN4wuTmjApSNLq2/cEDA=,+ottZOwLHDgkVPNGSXhN82aZZ+c=
-18,-16,EQopdnRtN4wuTmjApSNLq2/cEDA=,sELnQTWThzTrHQsm1YN0nj4qyr4=
-25,-3,EQopdnRtN4wuTmjApSNLq2/cEDA=,vGvOJXjXLMuPOTvdMCjQvqtghtU=
-17,-16,EQopdnRtN4wuTmjApSNLq2/cEDA=,sELnQTWThzTrHQsm1YN0nj4qyr4=
-23,-7,EQopdnRtN4wuTmjApSNLq2/cEDA=,+ottZOwLHDgkVPNGSXhN82aZZ+c=
-20,-6,EQopdnRtN4wuTmjApSNLq2/cEDA=,+ottZOwLHDgkVPNGSXhN82aZZ+c=
-19,-8,EQopdnRtN4wuTmjApSNLq2/cEDA=,+ottZOwLHDgkVPNGSXhN82aZZ+c=
-19,-14,EQopdnRtN4wuTmjApSNLq2/cEDA=,sELnQTWThzTrHQsm1YN0nj4qyr4=
-18,-14,EQopdnRtN4wuTmjApSNLq2/cEDA=,sELnQTWThzTrHQsm1YN0nj4qyr4=
-24,-7,EQopdnRtN4wuTmjApSNLq2/cEDA=,+ottZOwLHDgkVPNGSXhN82aZZ+c=
-17,-14,EQopdnRtN4wuTmjApSNLq2/cEDA=,sELnQTWThzTrHQsm1YN0nj4qyr4=
-17,-13,EQopdnRtN4wuTmjApSNLq2/cEDA=,sELnQTWThzTrHQsm1YN0nj4qyr4=
-18,-13,EQopdnRtN4wuTmjApSNLq2/cEDA=,sELnQTWThzTrHQsm1YN0nj4qyr4=
-19,-13,EQopdnRtN4wuTmjApSNLq2/cEDA=,sELnQTWThzTrHQsm1YN0nj4qyr4=
-20,-13,EQopdnRtN4wuTmjApSNLq2/cEDA=,sELnQTWThzTrHQsm1YN0nj4qyr4=
-19,-15,EQopdnRtN4wuTmjApSNLq2/cEDA=,sELnQTWThzTrHQsm1YN0nj4qyr4=
-19,-16,EQopdnRtN4wuTmjApSNLq2/cEDA=,sELnQTWThzTrHQsm1YN0nj4qyr4=
-20,-15,EQopdnRtN4wuTmjApSNLq2/cEDA=,sELnQTWThzTrHQsm1YN0nj4qyr4=
-20,-16,EQopdnRtN4wuTmjApSNLq2/cEDA=,sELnQTWThzTrHQsm1YN0nj4qyr4=
-17,-15,EQopdnRtN4wuTmjApSNLq2/cEDA=,sELnQTWThzTrHQsm1YN0nj4qyr4=
-18,-15,EQopdnRtN4wuTmjApSNLq2/cEDA=,sELnQTWThzTrHQsm1YN0nj4qyr4=
-26,-4,EQopdnRtN4wuTmjApSNLq2/cEDA=,vGvOJXjXLMuPOTvdMCjQvqtghtU=
-20,-14,EQopdnRtN4wuTmjApSNLq2/cEDA=,sELnQTWThzTrHQsm1YN0nj4qyr4=
-24,-5,EQopdnRtN4wuTmjApSNLq2/cEDA=,+ottZOwLHDgkVPNGSXhN82aZZ+c=
-25,-4,EQopdnRtN4wuTmjApSNLq2/cEDA=,vGvOJXjXLMuPOTvdMCjQvqtghtU=
-23,-6,EQopdnRtN4wuTmjApSNLq2/cEDA=,+ottZOwLHDgkVPNGSXhN82aZZ+c=
-22,-7,EQopdnRtN4wuTmjApSNLq2/cEDA=,+ottZOwLHDgkVPNGSXhN82aZZ+c=
-20,-3,EQopdnRtN4wuTmjApSNLq2/cEDA=,+ottZOwLHDgkVPNGSXhN82aZZ+c=
-18,-4,EQopdnRtN4wuTmjApSNLq2/cEDA=,+ottZOwLHDgkVPNGSXhN82aZZ+c=
-22,-3,EQopdnRtN4wuTmjApSNLq2/cEDA=,+ottZOwLHDgkVPNGSXhN82aZZ+c=
-23,-8,EQopdnRtN4wuTmjApSNLq2/cEDA=,+ottZOwLHDgkVPNGSXhN82aZZ+c=
-26,-1,EQopdnRtN4wuTmjApSNLq2/cEDA=,vGvOJXjXLMuPOTvdMCjQvqtghtU=
-19,-4,EQopdnRtN4wuTmjApSNLq2/cEDA=,+ottZOwLHDgkVPNGSXhN82aZZ+c=
-19,-3,EQopdnRtN4wuTmjApSNLq2/cEDA=,+ottZOwLHDgkVPNGSXhN82aZZ+c=
-17,-4,EQopdnRtN4wuTmjApSNLq2/cEDA=,+ottZOwLHDgkVPNGSXhN82aZZ+c=
-26,-3,EQopdnRtN4wuTmjApSNLq2/cEDA=,vGvOJXjXLMuPOTvdMCjQvqtghtU=
-23,-3,EQopdnRtN4wuTmjApSNLq2/cEDA=,+ottZOwLHDgkVPNGSXhN82aZZ+c=
-20,-4,EQopdnRtN4wuTmjApSNLq2/cEDA=,+ottZOwLHDgkVPNGSXhN82aZZ+c=
-20,-2,EQopdnRtN4wuTmjApSNLq2/cEDA=,+ottZOwLHDgkVPNGSXhN82aZZ+c=
-21,-3,EQopdnRtN4wuTmjApSNLq2/cEDA=,+ottZOwLHDgkVPNGSXhN82aZZ+c=
-17,-2,EQopdnRtN4wuTmjApSNLq2/cEDA=,+ottZOwLHDgkVPNGSXhN82aZZ+c=
-22,-2,EQopdnRtN4wuTmjApSNLq2/cEDA=,+ottZOwLHDgkVPNGSXhN82aZZ+c=
-21,-2,EQopdnRtN4wuTmjApSNLq2/cEDA=,+ottZOwLHDgkVPNGSXhN82aZZ+c=
-24,-1,EQopdnRtN4wuTmjApSNLq2/cEDA=,+ottZOwLHDgkVPNGSXhN82aZZ+c=
-21,-4,EQopdnRtN4wuTmjApSNLq2/cEDA=,+ottZOwLHDgkVPNGSXhN82aZZ+c=
-26,-2,EQopdnRtN4wuTmjApSNLq2/cEDA=,vGvOJXjXLMuPOTvdMCjQvqtghtU=
-20,-1,EQopdnRtN4wuTmjApSNLq2/cEDA=,+ottZOwLHDgkVPNGSXhN82aZZ+c=
-22,-4,EQopdnRtN4wuTmjApSNLq2/cEDA=,+ottZOwLHDgkVPNGSXhN82aZZ+c=
-24,-3,EQopdnRtN4wuTmjApSNLq2/cEDA=,+ottZOwLHDgkVPNGSXhN82aZZ+c=
-18,-3,EQopdnRtN4wuTmjApSNLq2/cEDA=,+ottZOwLHDgkVPNGSXhN82aZZ+c=
-19,-1,EQopdnRtN4wuTmjApSNLq2/cEDA=,+ottZOwLHDgkVPNGSXhN82aZZ+c=
-19,-2,EQopdnRtN4wuTmjApSNLq2/cEDA=,+ottZOwLHDgkVPNGSXhN82aZZ+c=
-23,-4,EQopdnRtN4wuTmjApSNLq2/cEDA=,+ottZOwLHDgkVPNGSXhN82aZZ+c=
-18,-2,EQopdnRtN4wuTmjApSNLq2/cEDA=,+ottZOwLHDgkVPNGSXhN82aZZ+c=
-17,-3,EQopdnRtN4wuTmjApSNLq2/cEDA=,+ottZOwLHDgkVPNGSXhN82aZZ+c=
-21,-1,EQopdnRtN4wuTmjApSNLq2/cEDA=,+ottZOwLHDgkVPNGSXhN82aZZ+c=
-24,-4,EQopdnRtN4wuTmjApSNLq2/cEDA=,+ottZOwLHDgkVPNGSXhN82aZZ+c=
-18,-1,EQopdnRtN4wuTmjApSNLq2/cEDA=,+ottZOwLHDgkVPNGSXhN82aZZ+c=
-24,-2,EQopdnRtN4wuTmjApSNLq2/cEDA=,+ottZOwLHDgkVPNGSXhN82aZZ+c=
-23,-1,EQopdnRtN4wuTmjApSNLq2/cEDA=,+ottZOwLHDgkVPNGSXhN82aZZ+c=
-17,-1,EQopdnRtN4wuTmjApSNLq2/cEDA=,+ottZOwLHDgkVPNGSXhN82aZZ+c=
-22,-1,EQopdnRtN4wuTmjApSNLq2/cEDA=,+ottZOwLHDgkVPNGSXhN82aZZ+c=
-23,-2,EQopdnRtN4wuTmjApSNLq2/cEDA=,+ottZOwLHDgkVPNGSXhN82aZZ+c=
